ethnicity,family_income_bracket,gpa,sat_score,extracurriculars,ap_courses,legacy_status,first_generation,admitted,income_encoded
Black,Low,3.09,1127,2,1,0,1,1,0
White,Medium,3.18,956,2,2,0,1,1,1
Hispanic,Medium,2.69,808,0,0,0,1,0,1
White,Medium,3.62,1145,3,3,0,0,1,1
White,High,3.33,982,2,3,1,0,1,2
Hispanic,Low,2.42,882,4,2,0,0,1,0
Asian,Medium,3.51,1115,0,2,0,0,1,1
White,High,3.76,1261,2,2,0,0,1,2
Asian,Medium,3.26,917,3,4,0,1,1,1
Hispanic,Low,3.26,1233,1,2,0,0,1,0
Black,High,3.25,975,5,3,0,1,1,2
White,Medium,3.36,1186,3,6,0,1,1,1
White,Medium,3.25,1233,3,2,1,0,1,1
Black,Low,3.68,865,5,4,0,0,1,0
Black,Low,3.3,1333,4,5,0,1,1,0
Black,Low,3.07,820,6,1,0,0,0,0
Black,Low,3.71,1150,3,4,0,0,1,0
Black,Low,2.42,1060,4,3,0,0,0,0
White,Medium,3.26,921,3,4,1,0,1,1
Black,Medium,2.99,1127,3,3,0,1,1,1
White,Low,3.36,1204,0,3,0,1,1,0
Indigenous,Low,4.0,1053,1,6,0,0,1,0
Hispanic,High,3.1,1079,2,3,0,1,1,2
Black,Medium,4.0,1006,4,3,0,0,1,1
White,Low,3.93,974,2,4,0,0,1,0
White,High,3.19,1063,6,2,1,1,0,2
White,Medium,3.0,1174,4,1,0,0,1,1
White,Medium,2.95,1278,2,2,0,0,1,1
Hispanic,Low,3.17,972,4,1,0,0,1,0
White,Low,2.67,1256,1,3,0,0,1,0
Black,Medium,3.54,919,4,4,0,0,1,1
White,Low,2.72,1085,4,6,0,0,1,0
Black,Medium,3.06,924,3,4,0,1,1,1
White,Medium,2.81,1360,7,1,0,0,1,1
Indigenous,Low,2.49,1119,2,1,0,0,1,0
Asian,Low,2.63,1127,1,1,1,0,0,0
Black,Medium,3.08,993,2,1,0,0,1,1
White,High,3.2,1179,2,4,0,0,1,2
White,Low,2.9,1037,2,2,0,1,1,0
White,Medium,3.2,1047,4,3,1,0,1,1
Asian,Medium,2.33,1080,1,3,0,0,0,1
Indigenous,Medium,3.27,924,2,2,0,0,1,1
White,High,2.93,1072,1,4,0,0,1,2
White,Low,4.0,1265,3,2,1,0,1,0
White,Medium,3.1,1378,3,3,1,0,1,1
Hispanic,Medium,3.22,866,1,2,0,0,1,1
Indigenous,Medium,2.88,1301,5,5,0,1,1,1
White,Low,3.47,1296,2,4,1,0,1,0
Asian,Low,2.43,994,3,1,1,1,1,0
Black,Medium,3.97,1205,4,4,0,0,1,1
Black,Low,3.8,908,3,1,0,1,1,0
Black,High,2.6,1235,7,1,0,0,1,2
White,Medium,3.3,950,1,1,0,1,1,1
White,Low,3.78,1022,0,1,0,1,1,0
Black,High,2.95,1119,4,2,1,0,1,2
Black,Low,3.7,1047,4,2,0,0,0,0
Indigenous,Low,2.26,1231,10,0,1,1,0,0
White,High,2.55,814,4,2,1,0,1,2
Hispanic,Low,3.79,1343,3,2,0,1,1,0
White,Medium,3.21,1133,2,4,0,1,1,1
Asian,Low,3.17,919,2,6,1,0,1,0
Black,Medium,3.12,1177,3,3,0,1,1,1
White,Low,2.76,1166,3,2,0,0,1,0
Asian,Medium,2.76,1237,3,1,0,1,1,1
Asian,High,4.0,1181,1,1,0,1,1,2
Black,Low,2.84,996,3,3,0,0,1,0
Asian,High,3.2,1251,1,2,0,0,1,2
White,Low,3.64,1241,2,2,0,0,1,0
White,Medium,4.0,1064,4,2,0,1,1,1
White,Medium,3.74,975,3,7,0,0,1,1
White,Medium,2.82,889,2,1,0,0,0,1
Hispanic,High,2.93,1099,2,2,1,0,1,2
Black,High,4.0,784,3,2,0,0,1,2
White,Low,3.74,1205,3,2,1,0,1,0
Black,High,3.83,943,2,4,1,0,1,2
Asian,High,3.23,1191,4,2,0,1,1,2
Black,Low,2.67,1346,1,3,0,0,1,0
White,Low,3.43,1050,2,1,0,1,1,0
Indigenous,High,2.65,1063,4,2,1,0,1,2
Hispanic,Low,3.28,1076,2,1,0,0,0,0
Indigenous,Low,3.87,1372,4,1,0,1,1,0
White,Low,4.0,1232,1,1,0,0,1,0
White,High,3.88,1195,3,2,0,0,1,2
Hispanic,Medium,3.66,1050,5,2,0,1,1,1
Asian,Low,3.83,1019,2,4,0,0,1,0
White,High,4.0,1209,1,1,1,0,0,2
Asian,High,3.82,1094,3,6,0,0,1,2
White,Medium,2.73,1090,3,6,1,0,1,1
Asian,High,2.7,1161,1,3,0,0,1,2
Asian,Low,3.88,1239,4,4,0,0,1,0
White,Medium,2.69,1086,5,1,0,0,1,1
White,Medium,3.61,1124,5,2,0,1,1,1
Asian,High,3.19,1217,2,4,0,0,1,2
White,Low,3.32,1292,2,2,0,0,1,0
Asian,Medium,3.64,1010,0,1,0,0,1,1
White,Medium,2.8,1091,1,0,0,0,1,1
White,Medium,3.57,940,4,4,1,0,1,1
White,Medium,3.69,946,4,4,0,1,1,1
Asian,Medium,2.55,1087,3,2,0,0,1,1
Asian,Medium,2.84,1181,4,4,0,1,1,1
White,Medium,3.32,1039,2,1,0,1,1,1
Asian,Medium,2.35,1112,2,1,0,0,0,1
Asian,Medium,3.17,915,2,2,0,1,1,1
Black,Low,3.42,1422,7,2,0,1,1,0
White,Medium,2.85,1217,4,0,0,0,1,1
Hispanic,Medium,3.85,1021,5,3,0,0,1,1
Black,Medium,2.9,1266,2,4,0,0,1,1
Hispanic,Low,3.22,969,5,4,1,1,1,0
Black,Medium,2.63,1294,3,0,0,0,1,1
Asian,Medium,3.15,1187,3,2,0,1,1,1
Asian,Medium,3.08,1435,2,7,0,1,1,1
Black,Low,2.9,962,3,1,1,0,1,0
White,Medium,4.0,970,3,2,0,0,1,1
White,Medium,2.35,1106,5,3,0,0,1,1
Hispanic,Medium,2.56,1242,3,2,1,0,1,1
Hispanic,Medium,3.16,1058,2,3,0,0,1,1
Hispanic,Low,2.81,1068,5,1,0,0,0,0
White,Low,2.54,972,6,5,0,0,1,0
Black,Low,3.51,805,5,0,0,0,1,0
Hispanic,Medium,3.95,1242,3,2,0,0,1,1
White,Medium,3.3,1281,2,2,0,0,1,1
Asian,Medium,3.28,1185,4,3,1,1,0,1
White,Medium,2.5,1126,5,2,1,1,0,1
White,Low,3.02,876,0,4,0,0,1,0
White,Low,3.79,1194,2,2,0,0,1,0
Black,High,3.19,1049,1,1,0,0,0,2
Black,Low,3.37,1183,5,2,0,1,1,0
White,Medium,3.21,876,3,2,0,1,1,1
Black,High,3.46,1359,2,4,0,0,1,2
White,Low,3.55,1216,5,4,0,1,1,0
White,Low,4.0,1056,2,5,0,0,1,0
Asian,Low,3.27,879,1,3,1,1,1,0
Indigenous,Low,2.84,1010,2,0,0,0,1,0
White,Low,3.13,1227,3,0,1,1,1,0
Black,Medium,2.56,1298,1,6,0,1,0,1
Hispanic,Low,2.4,1017,2,0,0,0,1,0
Black,Low,3.69,1261,2,2,0,1,1,0
White,Medium,3.61,1032,5,3,0,0,1,1
White,High,3.09,1330,4,4,0,0,1,2
White,High,4.0,999,3,2,0,1,1,2
Asian,High,3.51,1208,2,2,1,0,1,2
White,Medium,3.07,829,5,0,1,1,1,1
Asian,Medium,2.71,1484,4,3,0,1,1,1
Indigenous,High,3.65,1267,7,5,0,0,1,2
Asian,High,3.25,1126,2,3,0,0,1,2
Asian,Medium,3.41,1064,2,3,0,0,1,1
Asian,Medium,3.4,1186,3,1,0,0,1,1
Indigenous,Medium,3.0,1412,3,2,0,0,1,1
Black,Medium,3.59,973,5,1,1,1,1,1
White,Medium,3.03,992,0,2,0,0,1,1
White,Low,4.0,1030,4,4,0,1,1,0
Indigenous,Low,3.79,1445,6,1,0,0,1,0
White,Medium,3.45,1356,6,6,0,0,1,1
Hispanic,Medium,2.66,1302,4,3,0,1,1,1
Asian,Medium,2.47,1145,4,3,1,0,1,1
White,Low,2.62,1063,1,4,0,0,0,0
White,Medium,3.5,1103,6,3,0,0,1,1
Asian,Medium,3.25,981,7,1,0,0,1,1
Black,High,3.79,884,4,1,0,1,1,2
White,High,3.81,1460,1,1,1,0,1,2
Black,Medium,3.28,1229,2,2,1,0,1,1
Black,Medium,3.04,1242,1,2,0,0,0,1
Asian,Low,3.42,1068,4,2,0,0,1,0
White,Low,3.69,876,2,3,0,0,1,0
White,Medium,3.25,1274,6,2,1,1,1,1
Asian,Low,2.82,985,2,2,0,1,0,0
White,Medium,3.16,1041,2,2,0,1,0,1
Hispanic,Low,2.85,980,2,1,0,1,1,0
Black,Medium,3.34,936,1,2,0,0,1,1
Asian,Low,3.62,1110,5,2,0,1,1,0
Hispanic,High,3.24,1023,3,0,1,0,1,2
Black,Low,2.13,946,7,3,0,1,0,0
Asian,Low,2.28,1183,3,1,0,1,1,0
Asian,Medium,4.0,986,1,2,0,0,1,1
Asian,Low,3.46,1176,1,3,1,0,1,0
Black,High,3.31,1574,2,2,1,0,1,2
Black,Low,2.58,921,5,0,1,0,0,0
Hispanic,Medium,3.75,1193,3,2,0,0,1,1
Black,Low,3.87,974,4,2,0,0,1,0
White,Low,2.8,951,2,1,1,1,0,0
Asian,Low,2.5,1077,6,2,1,1,1,0
White,Low,2.67,1180,4,2,0,0,0,0
White,Medium,2.39,1208,1,4,0,1,1,1
Hispanic,Medium,3.35,1043,2,1,0,1,1,1
White,High,3.79,1178,5,2,0,0,1,2
White,Medium,2.77,1202,3,3,0,0,1,1
Asian,Medium,3.23,955,3,0,0,1,0,1
Black,Low,2.72,919,3,2,0,0,0,0
Black,Medium,3.68,1084,8,4,0,0,1,1
Hispanic,Medium,3.86,1112,3,3,0,1,1,1
Indigenous,Medium,3.76,912,6,2,0,1,1,1
Indigenous,Medium,3.43,1286,0,2,0,1,0,1
Hispanic,Medium,2.87,1275,3,2,0,0,1,1
Hispanic,Medium,2.57,1522,7,2,0,0,1,1
White,High,3.85,916,1,0,1,0,1,2
Black,High,3.02,1104,5,2,0,1,0,2
Asian,Low,3.06,1064,3,5,0,0,1,0
Black,Medium,3.27,1406,2,1,0,1,1,1
Black,Medium,2.77,972,1,2,0,1,0,1
White,Low,4.0,898,4,3,1,0,1,0
Hispanic,Low,3.13,1189,1,1,0,0,1,0
White,High,2.8,913,0,3,0,0,1,2
White,High,3.64,957,2,2,0,0,1,2
White,Low,3.72,1300,4,3,0,0,1,0
Indigenous,Medium,3.22,1113,2,4,0,0,1,1
White,Medium,2.49,670,1,3,0,0,0,1
Asian,Medium,3.48,972,2,3,0,0,1,1
Hispanic,Low,3.28,872,1,1,0,0,1,0
Asian,High,2.57,1156,2,2,0,1,1,2
Black,Medium,3.63,1182,5,4,0,0,1,1
Asian,High,2.5,846,2,2,0,1,0,2
Hispanic,Medium,3.32,1133,2,3,0,0,1,1
White,Low,1.58,1046,0,4,0,1,0,0
Asian,Medium,2.59,1179,1,4,0,0,1,1
Black,Medium,3.12,1223,7,3,0,1,0,1
White,Medium,2.57,1004,5,0,0,0,1,1
Black,Medium,3.13,1018,0,4,0,0,0,1
Black,Medium,2.54,1010,4,2,0,0,1,1
Black,High,3.6,1131,3,2,0,0,1,2
White,Low,2.6,1005,2,1,0,1,1,0
White,High,2.84,967,4,1,0,0,1,2
Asian,Medium,3.96,1038,4,5,0,0,1,1
White,High,3.69,1205,2,1,0,0,1,2
Hispanic,Low,2.72,1030,1,1,0,1,1,0
Black,Medium,3.74,1267,5,4,1,1,1,1
White,Low,2.57,1064,4,2,0,1,0,0
Hispanic,Medium,2.7,1110,4,3,0,0,1,1
Black,Low,3.59,1252,2,3,0,0,1,0
Asian,Low,3.4,1119,5,3,0,0,1,0
Black,Medium,3.25,1337,4,1,0,0,1,1
Asian,High,3.29,1295,3,1,0,1,0,2
Hispanic,Low,3.13,915,1,3,1,0,1,0
Asian,Low,4.0,1030,3,5,0,0,1,0
Hispanic,Low,1.54,1218,4,1,0,0,0,0
White,Medium,3.2,1046,4,2,0,1,1,1
Hispanic,Medium,2.7,899,0,0,0,0,1,1
Black,Medium,3.16,929,1,1,0,0,1,1
Asian,Low,2.59,983,3,1,0,0,1,0
White,Medium,2.75,934,3,3,1,0,1,1
White,High,3.14,910,1,1,0,0,1,2
Asian,Low,3.04,1104,5,3,1,0,1,0
White,High,2.04,1375,3,2,0,0,1,2
White,High,3.83,1088,1,3,0,0,1,2
White,Medium,3.28,822,0,1,0,0,1,1
Black,Medium,3.64,1246,3,2,0,1,1,1
Hispanic,High,2.92,1268,4,2,0,1,1,2
White,Low,3.27,934,1,2,0,1,0,0
Hispanic,Low,2.63,1225,5,0,0,0,1,0
Asian,High,2.27,1142,3,1,0,0,1,2
Asian,Medium,3.44,1043,2,5,0,1,1,1
Asian,Medium,2.61,1280,2,1,0,0,1,1
White,Medium,3.41,1119,3,3,0,0,1,1
Black,High,3.72,1404,1,1,0,0,1,2
Black,Low,4.0,1092,5,2,0,0,1,0
Black,High,2.82,1063,3,2,0,1,1,2
White,Medium,3.38,1022,3,3,1,0,1,1
Hispanic,High,4.0,1350,3,4,0,0,1,2
Asian,High,3.53,898,2,1,1,0,1,2
White,High,3.08,1110,2,3,0,0,1,2
Black,Medium,3.13,1269,1,1,0,0,1,1
Black,Medium,3.32,1521,3,3,1,0,1,1
White,Low,3.19,1048,2,5,0,1,1,0
Asian,Medium,2.92,952,4,3,0,1,1,1
White,Low,3.64,1240,3,1,0,1,1,0
White,Medium,2.42,941,3,2,0,0,0,1
White,Low,3.77,1194,4,3,0,1,1,0
White,Low,3.2,1066,2,2,0,1,1,0
Black,Low,3.07,1148,1,1,0,0,0,0
White,Low,3.46,1207,2,3,0,0,1,0
Hispanic,High,3.41,762,1,1,1,0,1,2
Hispanic,Medium,2.86,1113,2,4,0,1,1,1
White,Low,2.34,1204,5,6,0,1,1,0
Hispanic,Medium,3.03,1051,1,4,0,1,0,1
Asian,High,3.53,950,5,2,0,0,1,2
Black,Low,3.21,1232,1,1,0,0,1,0
Asian,Medium,3.34,951,2,1,0,0,0,1
White,Medium,3.05,1159,2,4,1,0,1,1
Hispanic,High,4.0,1016,2,3,0,1,1,2
White,Medium,3.43,1142,1,1,0,1,1,1
White,Medium,3.51,933,3,2,0,0,1,1
Black,High,3.22,1038,3,1,1,0,1,2
Hispanic,Low,3.96,1195,5,1,0,1,1,0
White,Low,2.88,717,1,2,0,0,0,0
White,Medium,2.23,1138,2,2,0,1,1,1
Black,Low,3.44,1260,2,1,0,0,0,0
Black,Low,3.19,1051,3,2,0,1,1,0
Black,High,2.67,1283,1,1,0,1,1,2
Asian,Low,3.7,1132,2,1,1,0,1,0
Black,Medium,3.4,1240,6,2,1,0,1,1
Asian,High,3.66,1067,3,2,0,0,1,2
Black,High,3.1,1327,2,3,1,0,1,2
White,High,3.47,1019,2,1,0,0,1,2
White,Low,2.21,934,1,3,0,0,0,0
Asian,Low,3.64,1037,3,1,0,1,1,0
Asian,Medium,2.66,1009,3,1,1,0,1,1
White,High,3.09,970,2,0,0,1,1,2
Black,Medium,3.24,1129,5,1,1,0,1,1
Asian,Low,2.17,1063,5,4,0,1,0,0
Asian,High,2.66,1285,5,0,0,0,1,2
Black,Medium,3.67,1114,2,1,1,0,0,1
White,Medium,2.76,1117,2,3,0,0,1,1
White,Low,3.18,1056,7,3,0,0,1,0
White,Medium,3.13,1051,3,0,0,0,0,1
White,Low,2.28,857,3,3,0,0,1,0
White,High,3.71,632,0,4,0,0,1,2
White,Low,4.0,981,5,2,0,0,1,0
Black,Low,2.19,877,4,2,1,0,0,0
Indigenous,High,3.51,910,3,2,0,0,1,2
Hispanic,Medium,3.8,1029,3,1,0,0,1,1
White,Medium,3.22,1081,2,2,0,0,1,1
Indigenous,Medium,3.27,1012,4,4,0,0,0,1
Hispanic,Low,2.84,1121,2,4,0,0,1,0
Asian,Low,3.19,1321,2,3,0,0,1,0
White,Low,3.26,1224,2,5,0,1,1,0
Hispanic,Medium,2.45,1170,2,2,0,1,1,1
White,Medium,3.05,1142,5,1,0,0,1,1
Hispanic,Medium,2.97,996,3,3,0,1,1,1
White,High,3.18,931,4,2,0,1,1,2
White,High,2.5,1309,1,6,0,0,1,2
Black,Medium,4.0,1286,3,2,0,0,1,1
White,Low,2.94,1011,6,4,0,0,1,0
Indigenous,Medium,2.98,1137,4,4,0,1,0,1
White,Medium,2.82,1025,9,0,0,0,1,1
Indigenous,Medium,2.88,1136,2,2,0,0,1,1
White,High,3.13,1194,1,2,0,1,1,2
Hispanic,Medium,3.15,956,4,2,0,1,0,1
Hispanic,Low,2.23,1264,2,3,0,1,0,0
Asian,High,3.52,916,5,4,0,0,0,2
Hispanic,Medium,3.48,998,2,2,0,0,1,1
Indigenous,Low,3.16,1062,1,4,0,1,1,0
White,Medium,2.4,1166,6,1,0,0,1,1
White,Low,2.91,1099,4,2,0,0,1,0
Asian,Low,3.6,1129,3,3,0,1,1,0
White,Medium,3.02,876,1,1,0,0,1,1
Black,Medium,3.85,1151,6,7,0,0,1,1
Black,Medium,2.66,1285,7,4,0,0,1,1
Hispanic,Low,2.54,1285,2,0,0,0,0,0
Indigenous,Low,3.75,1059,4,1,0,0,1,0
White,Medium,3.59,1092,3,2,0,0,1,1
White,Low,2.46,1082,4,2,0,0,0,0
White,Medium,2.32,1037,0,2,0,0,1,1
White,Low,3.26,1071,3,2,0,1,1,0
White,Low,3.19,1000,3,2,0,1,1,0
Asian,Low,2.91,1091,2,1,0,0,1,0
White,Medium,3.22,1036,1,1,0,0,0,1
Indigenous,High,2.79,1141,5,3,1,0,1,2
Black,High,1.46,1150,2,1,0,1,0,2
Black,Low,3.27,1056,5,2,0,0,1,0
White,Low,3.05,1319,3,4,0,1,1,0
Hispanic,High,3.85,1223,5,2,0,1,1,2
White,Medium,2.28,859,5,1,0,0,1,1
Asian,Low,2.91,1144,5,3,0,0,1,0
White,Medium,3.03,787,1,2,0,1,0,1
Black,Low,3.24,995,3,1,1,0,1,0
Asian,Low,3.35,1176,1,1,1,0,1,0
White,High,2.5,1027,2,3,0,0,1,2
Indigenous,Low,3.09,1196,3,0,0,0,0,0
White,High,2.99,1186,1,4,0,0,1,2
Black,Low,3.51,1389,4,2,0,1,0,0
White,High,3.38,940,4,1,0,0,1,2
Asian,Low,3.08,1017,3,3,0,1,1,0
White,Low,3.86,1256,1,4,0,1,1,0
Asian,Medium,2.83,1124,3,3,0,0,1,1
White,High,4.0,1140,2,0,1,1,1,2
White,Low,3.72,1179,3,0,0,0,1,0
Hispanic,Medium,2.46,1313,4,4,0,0,1,1
Asian,Medium,3.64,1073,2,7,0,1,1,1
Black,Medium,3.89,1074,3,1,0,0,1,1
Hispanic,Medium,3.66,1315,3,6,0,0,1,1
Black,Low,2.94,1225,3,2,0,0,1,0
Hispanic,High,3.27,1057,3,1,0,0,1,2
White,Low,3.72,980,4,4,0,0,1,0
Black,High,2.83,1160,3,2,0,0,0,2
Hispanic,Medium,2.56,1156,2,3,0,0,0,1
Asian,Low,2.93,851,6,3,0,1,1,0
White,Medium,3.32,1036,7,3,0,0,1,1
Hispanic,Low,3.38,1423,5,2,0,1,1,0
Black,High,2.23,915,6,2,1,0,1,2
White,High,3.87,1156,7,1,0,0,1,2
White,Medium,2.93,983,2,2,0,0,1,1
Black,Low,2.84,1410,2,0,0,1,1,0
Black,Medium,3.53,971,2,2,0,0,1,1
White,Low,3.17,999,1,2,0,1,1,0
White,Medium,3.02,1198,3,1,0,0,1,1
White,High,3.72,946,2,1,0,0,1,2
White,Medium,2.75,1185,2,1,0,0,1,1
White,Low,3.37,1377,1,2,0,1,1,0
White,Medium,2.98,1035,1,4,0,0,1,1
White,Medium,2.41,930,3,2,0,1,1,1
Black,High,3.3,949,5,4,0,0,1,2
White,Medium,3.36,910,2,3,0,1,1,1
Hispanic,Low,2.75,1152,1,0,0,0,0,0
Hispanic,Medium,2.51,1224,8,2,0,1,1,1
Black,Medium,3.11,914,2,2,0,0,1,1
Asian,Medium,3.92,1054,2,5,0,1,1,1
White,High,2.76,815,3,4,0,0,1,2
Indigenous,High,3.4,1217,3,0,0,0,1,2
Asian,Medium,3.17,1420,4,1,0,0,1,1
Asian,High,3.85,1086,1,0,1,0,1,2
White,Low,3.18,1117,3,4,0,1,1,0
Asian,Low,2.54,1059,3,4,0,1,0,0
White,Medium,3.33,1065,2,3,0,1,1,1
White,Medium,3.88,923,7,1,0,0,1,1
White,Medium,3.03,1117,2,2,0,0,1,1
White,Medium,3.55,1235,1,2,0,1,1,1
Black,High,3.41,1497,1,2,0,0,1,2
White,High,3.25,1126,1,3,0,1,1,2
Hispanic,Low,3.01,1027,3,3,0,1,1,0
Black,Low,2.29,970,3,3,1,0,1,0
Black,Medium,2.74,1113,2,5,0,0,1,1
Black,Low,3.21,989,0,1,0,0,1,0
White,Low,3.52,1027,5,0,0,0,0,0
Black,High,3.59,815,2,3,0,1,1,2
White,Medium,3.01,804,4,4,0,1,1,1
Asian,Medium,3.57,1181,1,2,0,1,1,1
Asian,Medium,2.69,1382,1,2,0,0,0,1
Asian,Low,3.32,1009,5,1,0,1,1,0
Asian,Low,2.88,1094,3,1,0,0,1,0
Black,Medium,3.35,1128,1,2,0,1,0,1
Hispanic,Low,2.86,1141,2,3,1,0,1,0
White,Medium,3.52,1289,1,0,0,0,1,1
Hispanic,Low,3.08,703,4,1,0,1,0,0
White,High,2.99,1290,2,0,0,1,1,2
White,Medium,3.18,863,3,2,0,0,1,1
White,Medium,3.78,1137,3,4,0,0,1,1
Hispanic,Medium,2.77,1198,7,2,0,0,1,1
White,High,3.01,1010,2,1,0,0,1,2
White,Low,4.0,962,5,2,1,0,1,0
White,Low,2.82,986,2,5,0,0,1,0
White,Medium,3.95,960,1,7,0,1,1,1
Hispanic,High,3.21,1170,3,3,1,0,1,2
Asian,Medium,3.26,1062,4,2,0,0,1,1
Hispanic,Low,3.16,1053,4,5,0,1,0,0
White,Medium,3.59,1109,0,1,0,1,1,1
Black,Low,4.0,1240,6,3,0,0,1,0
Black,High,3.42,930,2,1,0,1,1,2
White,High,3.63,747,6,2,0,1,1,2
Indigenous,Low,2.82,1086,3,2,0,0,1,0
Black,Low,3.25,824,5,5,0,0,1,0
White,Medium,2.49,1143,3,2,0,1,1,1
White,Low,3.52,1312,3,4,0,0,1,0
Asian,Medium,3.68,1021,3,1,0,0,1,1
Black,Medium,3.48,1226,0,1,1,0,1,1
White,Medium,2.57,1095,2,6,0,0,1,1
White,Low,3.45,1096,1,3,0,0,1,0
White,Low,2.8,1039,4,2,1,0,1,0
Black,Low,3.33,1063,4,1,0,0,0,0
White,Medium,3.62,1040,5,2,0,0,0,1
White,Low,4.0,1110,2,2,0,0,1,0
White,Medium,2.77,1148,2,0,0,0,1,1
Asian,Medium,4.0,1140,2,2,0,1,0,1
Black,Low,3.61,1035,2,4,0,0,1,0
White,Medium,3.18,870,4,2,0,0,1,1
White,Medium,4.0,860,1,3,0,0,1,1
Asian,High,3.1,819,6,4,0,0,1,2
Asian,Low,3.63,917,5,2,0,1,1,0
White,Low,3.16,967,3,1,0,1,1,0
Asian,Low,2.67,1091,1,2,0,0,1,0
Asian,Low,2.71,1088,5,2,0,1,1,0
White,Medium,2.56,998,3,2,0,0,1,1
Indigenous,High,2.43,1071,6,1,0,0,1,2
Asian,Low,3.62,941,0,1,1,0,1,0
White,Medium,3.62,1036,1,2,0,1,1,1
Asian,Medium,2.83,1010,4,4,0,0,1,1
White,High,2.73,1347,2,1,0,0,1,2
White,High,3.07,1061,3,0,0,0,1,2
Hispanic,Low,3.2,982,2,3,0,0,0,0
White,Medium,3.51,1146,3,2,0,1,1,1
White,Medium,2.38,1278,3,5,0,0,1,1
Hispanic,Medium,3.14,1207,0,2,0,0,0,1
Asian,Low,3.68,975,4,3,0,0,1,0
Hispanic,Low,3.28,957,7,2,0,1,1,0
Hispanic,Low,3.39,1162,3,4,0,1,1,0
White,Low,3.12,1116,0,0,1,0,1,0
White,High,2.12,1270,6,6,0,0,1,2
Asian,Low,2.51,1031,2,1,0,0,0,0
Black,Medium,2.73,1119,2,0,0,0,0,1
Hispanic,Low,3.07,854,3,3,0,0,1,0
Asian,Low,3.41,1189,2,3,0,1,1,0
Hispanic,Medium,3.32,884,2,3,1,1,1,1
Hispanic,High,2.83,923,1,2,1,0,1,2
White,Medium,3.48,817,1,1,0,0,1,1
White,Medium,3.4,1222,2,3,0,1,1,1
White,Medium,3.64,974,1,1,0,0,1,1
Indigenous,High,4.0,1052,1,2,0,1,1,2
White,High,2.9,1316,3,3,0,0,1,2
Black,Medium,2.68,850,6,5,0,0,1,1
Hispanic,Medium,3.05,1355,0,0,1,0,1,1
Black,Medium,2.65,1140,2,4,0,0,0,1
White,Low,3.26,1286,2,3,0,0,1,0
Hispanic,High,3.61,1347,4,2,0,0,1,2
Asian,High,3.18,1136,2,1,0,0,0,2
White,Medium,3.6,1017,2,3,0,0,1,1
Asian,Low,2.95,861,7,1,0,0,1,0
Asian,Medium,3.32,1337,6,2,0,0,1,1
Asian,High,3.1,1038,0,3,0,0,1,2
Asian,Medium,2.76,1109,1,4,1,0,1,1
Hispanic,High,2.92,962,6,4,0,1,1,2
White,High,3.19,1192,1,3,0,1,1,2
White,Medium,3.56,963,4,2,0,0,1,1
White,Low,3.58,1198,1,3,0,1,1,0
Asian,Medium,3.27,1166,2,3,0,0,1,1
White,Medium,2.62,1327,1,3,0,1,1,1
Hispanic,Low,3.07,1237,4,1,0,0,0,0
Hispanic,High,3.4,1071,2,1,0,0,1,2
Indigenous,Low,2.55,1226,4,3,0,1,0,0
White,Low,3.43,1112,0,2,0,1,1,0
White,Low,3.41,954,2,4,0,1,1,0
Indigenous,High,4.0,1074,2,2,0,0,1,2
Hispanic,Low,2.58,1125,3,1,0,0,0,0
White,Low,3.21,1011,2,1,0,0,1,0
Indigenous,Low,3.32,1169,3,3,0,1,1,0
Hispanic,Medium,3.49,1054,3,2,0,1,0,1
Hispanic,Low,1.21,1276,2,3,0,1,0,0
Hispanic,Low,2.93,1139,8,3,0,0,1,0
Asian,Low,3.67,946,4,2,0,0,0,0
Asian,Low,3.32,976,3,7,1,0,1,0
White,Low,2.78,977,3,4,0,0,1,0
Black,Low,3.85,942,0,3,0,0,1,0
Black,Low,4.0,1328,5,2,0,0,1,0
Asian,Low,3.61,998,3,2,0,0,0,0
White,Medium,2.38,873,3,2,0,1,0,1
Black,Medium,3.04,1051,0,3,0,0,1,1
Black,Medium,3.18,1035,3,2,0,1,1,1
Hispanic,High,3.71,1220,4,0,0,0,1,2
Asian,Medium,3.79,1015,5,2,0,0,1,1
Black,High,3.16,1293,3,1,0,0,1,2
Hispanic,Medium,2.89,1087,3,3,0,0,1,1
White,High,3.88,1233,1,2,1,0,1,2
White,High,2.73,1228,3,3,0,0,1,2
Hispanic,Medium,2.98,1131,1,4,0,0,1,1
White,Medium,3.03,914,2,3,0,1,1,1
Hispanic,Low,3.45,1169,3,4,0,0,1,0
White,High,2.51,1111,2,1,0,0,1,2
Asian,Medium,2.0,783,2,3,0,1,1,1
White,Medium,2.55,951,1,1,0,0,0,1
White,Medium,2.77,1051,2,4,0,1,0,1
White,Medium,3.95,688,0,0,0,0,1,1
White,Low,2.41,1101,2,1,1,0,1,0
Black,Medium,4.0,857,4,2,0,1,1,1
White,Medium,2.98,1065,3,2,1,0,1,1
Black,Low,3.47,1082,4,1,0,0,1,0
White,Medium,3.27,1078,6,1,0,0,1,1
Asian,Low,3.31,1184,1,3,0,0,0,0
Asian,Low,3.35,1180,1,0,0,0,0,0
White,Low,3.0,871,4,6,0,0,1,0
Asian,Low,3.23,1080,1,1,0,0,0,0
White,Medium,3.15,1044,4,4,0,1,1,1
Black,Medium,2.17,1083,3,2,0,0,0,1
Asian,High,3.02,1145,2,1,0,0,1,2
White,High,3.81,980,2,6,0,0,1,2
White,Medium,3.73,1143,3,1,0,1,1,1
Asian,Medium,4.0,1051,3,3,0,1,1,1
White,Low,2.29,1111,7,3,0,0,1,0
Black,Medium,2.69,1125,4,4,1,0,1,1
White,Low,3.47,1035,6,2,0,1,0,0
Black,Low,3.79,1070,5,1,0,0,1,0
White,Medium,2.29,1083,5,6,0,0,1,1
Asian,High,3.19,863,0,1,0,0,1,2
Hispanic,Medium,3.46,1161,3,3,0,0,1,1
Black,Medium,3.14,911,4,4,0,1,0,1
Indigenous,Low,2.9,1160,5,2,0,0,1,0
Asian,Medium,3.98,1049,2,3,0,0,1,1
White,High,2.93,1191,2,1,0,0,1,2
Black,Low,2.1,1187,1,3,1,0,1,0
White,High,2.66,1378,3,0,0,1,0,2
Black,Low,2.67,1156,7,2,0,1,0,0
Asian,Medium,2.57,838,4,4,0,1,1,1
White,Low,2.56,1163,3,2,0,0,1,0
White,Medium,3.57,1268,4,2,1,1,1,1
Asian,Medium,3.19,1146,1,4,0,0,1,1
Asian,High,3.89,968,4,3,1,0,1,2
Black,Medium,2.53,1212,5,2,0,0,0,1
Hispanic,High,3.02,1163,2,1,0,0,1,2
Hispanic,Low,2.9,1067,5,1,0,1,1,0
White,High,2.77,1217,5,7,1,1,1,2
White,Medium,3.93,1094,3,2,0,0,1,1
Black,Medium,3.82,1262,3,4,0,0,1,1
Black,Low,2.95,1105,2,1,1,0,1,0
Asian,Low,2.72,965,2,0,0,0,0,0
Asian,High,2.81,1138,1,3,0,0,0,2
Hispanic,Medium,3.11,1191,5,1,0,1,1,1
Black,Medium,2.96,1249,2,3,0,0,1,1
Hispanic,Medium,3.6,1379,2,4,0,1,1,1
Black,Low,4.0,1198,2,3,1,0,1,0
Hispanic,Medium,3.18,1012,4,1,0,1,1,1
White,Low,3.05,1064,4,4,0,0,1,0
White,Medium,3.29,1049,2,2,0,0,1,1
White,Low,3.07,822,2,4,0,0,1,0
Hispanic,Medium,3.62,1341,0,3,0,0,1,1
White,High,3.51,1217,2,2,0,0,1,2
White,Medium,3.31,1226,0,3,0,1,1,1
Hispanic,High,3.4,863,4,0,0,1,1,2
Asian,High,4.0,1011,2,4,0,1,1,2
Asian,Medium,3.53,1231,4,2,0,1,1,1
White,High,2.97,860,5,0,0,0,1,2
Asian,Medium,3.28,965,7,4,0,1,1,1
Asian,High,2.71,1011,2,0,0,0,1,2
White,Low,3.24,995,1,7,0,0,1,0
Hispanic,Medium,2.57,1132,1,3,0,0,1,1
Indigenous,High,3.1,996,1,4,0,0,1,2
White,Medium,3.82,887,2,2,0,1,1,1
White,Low,2.65,1037,9,2,0,0,1,0
Asian,Low,3.26,1342,2,5,0,0,0,0
White,Low,3.12,978,3,7,0,0,1,0
Black,Low,3.32,1149,3,4,0,1,0,0
Black,Medium,2.9,1019,4,4,1,1,0,1
Indigenous,High,4.0,1223,3,1,0,0,1,2
White,Low,3.88,861,4,5,0,0,1,0
Asian,Medium,2.69,823,4,0,1,0,1,1
Hispanic,High,3.64,1211,5,2,0,0,1,2
White,High,3.26,1200,6,5,0,0,1,2
Black,Medium,3.31,963,4,3,0,1,1,1
Hispanic,High,3.24,943,2,1,0,0,1,2
Asian,Medium,3.18,1390,3,2,0,0,1,1
Asian,Low,2.88,1113,1,3,0,1,1,0
Indigenous,High,3.23,1180,1,1,0,1,1,2
White,Medium,2.85,1063,7,5,0,0,1,1
Asian,Low,3.79,938,4,3,0,1,1,0
Asian,Low,1.67,1214,4,2,1,0,0,0
Black,High,4.0,794,4,2,1,0,1,2
Asian,Low,2.19,1177,2,2,0,0,1,0
Black,Low,3.75,1036,3,2,0,0,1,0
Hispanic,Medium,3.67,1076,4,8,0,0,1,1
Hispanic,Medium,2.65,973,2,4,0,0,1,1
White,Low,2.55,1321,4,2,0,1,1,0
White,Low,3.24,973,3,2,0,1,1,0
White,Medium,2.4,858,3,8,0,1,1,1
Asian,Medium,3.64,1171,0,6,0,1,1,1
White,Medium,2.78,1155,4,3,0,0,1,1
Black,Medium,2.58,1224,2,2,0,0,1,1
Asian,Medium,2.56,977,3,3,0,0,1,1
White,Medium,2.77,1097,2,3,1,0,1,1
Asian,High,3.26,1285,2,1,0,0,1,2
White,High,1.99,1472,4,0,0,1,1,2
Asian,Medium,3.5,1443,6,5,0,0,1,1
Black,Medium,2.71,1037,0,2,0,1,0,1
White,Medium,3.08,1122,4,1,1,1,1,1
Hispanic,Low,2.9,1163,3,6,1,1,1,0
Hispanic,Low,3.65,1010,2,0,0,0,1,0
Black,Low,3.22,989,3,2,0,0,1,0
White,Medium,3.25,1193,3,2,0,0,1,1
White,Low,2.78,858,5,7,1,0,1,0
Black,High,2.43,1386,1,0,1,0,0,2
White,Low,2.63,1224,5,3,0,0,1,0
White,Low,2.33,1076,1,1,0,1,1,0
Hispanic,Low,2.74,1050,0,1,0,0,0,0
White,Low,2.92,1139,2,3,1,0,1,0
White,High,3.44,1029,5,3,0,1,1,2
Asian,Low,3.28,966,3,4,1,0,0,0
White,Medium,3.42,956,7,5,0,0,1,1
Asian,Medium,2.19,1037,2,5,0,1,1,1
Asian,Medium,2.58,1288,5,2,0,0,1,1
Hispanic,High,3.85,1164,2,1,0,0,1,2
White,Medium,3.46,1120,3,2,0,0,1,1
White,High,3.67,1261,4,1,0,0,1,2
White,High,3.29,1096,1,2,0,0,1,2
White,Medium,3.91,813,4,2,0,0,1,1
White,Medium,2.86,1098,3,3,0,1,1,1
Hispanic,Medium,2.04,1128,4,2,0,0,1,1
White,High,3.09,924,4,2,1,0,1,2
White,Low,3.05,934,8,8,0,1,1,0
White,Medium,4.0,1384,5,1,1,0,1,1
White,Medium,3.41,853,3,2,0,0,1,1
Hispanic,Low,2.97,1256,2,0,1,0,1,0
Hispanic,High,3.66,1012,4,2,1,0,1,2
White,Medium,3.66,1033,3,2,0,0,1,1
White,Low,4.0,1216,6,4,0,1,1,0
Asian,Low,4.0,1031,1,1,0,1,1,0
Asian,High,2.58,1210,4,3,0,1,1,2
White,Low,3.33,1179,1,2,0,0,1,0
White,Medium,2.51,1088,4,3,0,1,1,1
White,High,3.29,993,3,4,0,0,1,2
Hispanic,High,2.47,1495,3,1,0,0,1,2
White,Medium,2.62,1181,6,3,0,0,1,1
Indigenous,Medium,2.59,1143,1,1,0,0,1,1
Black,Medium,4.0,883,2,4,0,0,1,1
White,Low,2.75,1136,2,3,0,0,0,0
White,Medium,2.95,908,4,3,0,0,1,1
White,Low,3.18,1296,2,1,1,0,1,0
White,Medium,3.55,934,3,6,0,1,1,1
White,Low,2.72,1060,4,7,1,0,1,0
Black,Low,2.23,1034,2,2,1,1,1,0
Asian,Low,2.65,1089,2,2,0,0,0,0
White,Low,4.0,1370,2,3,1,0,1,0
White,High,3.85,1154,2,4,0,0,1,2
Black,Low,3.49,973,1,2,0,1,1,0
White,High,2.82,1134,2,2,1,0,1,2
White,Medium,2.63,903,4,2,0,1,1,1
Indigenous,Medium,2.81,1021,2,5,0,1,1,1
White,High,4.0,1156,5,1,0,0,1,2
White,High,2.9,1165,1,3,0,0,1,2
Black,Medium,3.17,983,4,1,0,0,0,1
Black,Low,3.02,1297,5,3,0,1,1,0
Black,High,3.34,1120,2,6,1,0,1,2
White,High,3.76,1227,3,3,0,0,1,2
White,Medium,2.44,1386,3,5,1,0,1,1
White,Medium,3.15,1042,3,2,0,1,0,1
Black,High,2.93,1045,2,2,0,1,1,2
Asian,Medium,3.04,1061,2,1,1,1,1,1
